city_name,neighbor_name
かすみがうら市,土浦市
かすみがうら市,小美玉市
かすみがうら市,石岡市
かすみがうら市,美浦村
かすみがうら市,行方市
かすみがうら市,阿見町
つくばみらい市,つくば市
つくばみらい市,取手市
つくばみらい市,守谷市
つくばみらい市,常総市
つくばみらい市,龍ケ崎市
つくば市,つくばみらい市
つくば市,下妻市
つくば市,土浦市
つくば市,常総市
つくば市,桜川市
つくば市,牛久市
つくば市,石岡市
つくば市,筑西市
つくば市,龍ケ崎市
ひたちなか市,大洗町
ひたちなか市,東海村
ひたちなか市,水戸市
ひたちなか市,那珂市
下妻市,つくば市
下妻市,八千代町
下妻市,常総市
下妻市,筑西市
五霞町,古河市
五霞町,境町
八千代町,下妻市
八千代町,古河市
八千代町,坂東市
八千代町,常総市
八千代町,筑西市
八千代町,結城市
利根町,取手市
利根町,河内町
利根町,龍ケ崎市
北茨城市,高萩市
取手市,つくばみらい市
取手市,利根町
取手市,守谷市
取手市,龍ケ崎市
古河市,五霞町
古河市,八千代町
古河市,坂東市
古河市,境町
古河市,結城市
土浦市,かすみがうら市
土浦市,つくば市
土浦市,牛久市
土浦市,石岡市
土浦市,阿見町
坂東市,八千代町
坂東市,古河市
坂東市,境町
坂東市,常総市
城里町,常陸大宮市
城里町,水戸市
城里町,笠間市
城里町,那珂市
境町,五霞町
境町,古河市
境町,坂東市
大子町,常陸大宮市
大子町,常陸太田市
大洗町,ひたちなか市
大洗町,水戸市
大洗町,茨城町
大洗町,鉾田市
守谷市,つくばみらい市
守谷市,取手市
守谷市,常総市
小美玉市,かすみがうら市
小美玉市,石岡市
小美玉市,笠間市
小美玉市,茨城町
小美玉市,行方市
小美玉市,鉾田市
常総市,つくばみらい市
常総市,つくば市
常総市,下妻市
常総市,八千代町
常総市,坂東市
常総市,守谷市
常陸大宮市,城里町
常陸大宮市,大子町
常陸大宮市,常陸太田市
常陸大宮市,那珂市
常陸太田市,大子町
常陸太田市,常陸大宮市
常陸太田市,日立市
常陸太田市,那珂市
常陸太田市,高萩市
日立市,常陸太田市
日立市,東海村
日立市,那珂市
日立市,高萩市
東海村,ひたちなか市
東海村,日立市
東海村,那珂市
桜川市,つくば市
桜川市,石岡市
桜川市,笠間市
桜川市,筑西市
水戸市,ひたちなか市
水戸市,城里町
水戸市,大洗町
水戸市,笠間市
水戸市,茨城町
水戸市,那珂市
河内町,利根町
河内町,稲敷市
河内町,龍ケ崎市
潮来市,神栖市
潮来市,稲敷市
潮来市,行方市
潮来市,鹿嶋市
牛久市,つくば市
牛久市,土浦市
牛久市,稲敷市
牛久市,阿見町
牛久市,龍ケ崎市
石岡市,かすみがうら市
石岡市,つくば市
石岡市,土浦市
石岡市,小美玉市
石岡市,桜川市
石岡市,笠間市
神栖市,潮来市
神栖市,鹿嶋市
稲敷市,河内町
稲敷市,潮来市
稲敷市,牛久市
稲敷市,美浦村
稲敷市,行方市
稲敷市,阿見町
稲敷市,龍ケ崎市
笠間市,城里町
笠間市,小美玉市
笠間市,桜川市
笠間市,水戸市
笠間市,石岡市
笠間市,茨城町
筑西市,つくば市
筑西市,下妻市
筑西市,八千代町
筑西市,桜川市
筑西市,結城市
結城市,八千代町
結城市,古河市
結城市,筑西市
美浦村,かすみがうら市
美浦村,稲敷市
美浦村,行方市
美浦村,阿見町
茨城町,大洗町
茨城町,小美玉市
茨城町,水戸市
茨城町,笠間市
茨城町,鉾田市
行方市,かすみがうら市
行方市,小美玉市
行方市,潮来市
行方市,稲敷市
行方市,美浦村
行方市,鉾田市
行方市,鹿嶋市
那珂市,ひたちなか市
那珂市,城里町
那珂市,常陸大宮市
那珂市,常陸太田市
那珂市,日立市
那珂市,東海村
那珂市,水戸市
鉾田市,大洗町
鉾田市,小美玉市
鉾田市,茨城町
鉾田市,行方市
鉾田市,鹿嶋市
阿見町,かすみがうら市
阿見町,土浦市
阿見町,牛久市
阿見町,稲敷市
阿見町,美浦村
高萩市,北茨城市
高萩市,常陸太田市
高萩市,日立市
鹿嶋市,潮来市
鹿嶋市,神栖市
鹿嶋市,行方市
鹿嶋市,鉾田市
龍ケ崎市,つくばみらい市
龍ケ崎市,つくば市
龍ケ崎市,利根町
龍ケ崎市,取手市
龍ケ崎市,河内町
龍ケ崎市,牛久市
龍ケ崎市,稲敷市
